claim_type,total_claims,total_claim_amount,average_claim_amount
Cyber Liability,19,2401000,126368.42105263157
General Liability,21,1813000,86333.33333333333
Medical Malpractice,19,1377000,72473.68421052632
Professional Liability,21,2043000,97285.71428571429
Property Damage,20,1912000,95600.0
